,GENBANK_REFERENCE,CATALOGUE_NAME,CATALOGUE_VERSION,CATALOGUE_GRAMMAR,PREDICTION_VALUES,DRUG,MUTATION,PREDICTION,SOURCE,EVIDENCE,OTHER
276,NC_000962.3,BDQ-13-2024.11,1.1,GARC1,RUS,BDQ,Rv0678@*=,S,{},"{""default_rule"": ""True""}",{}
282,NC_000962.3,BDQ-13-2024.11,1.1,GARC1,RUS,BDQ,pepQ@*=,S,{},"{""default_rule"": ""True""}",{}
288,NC_000962.3,BDQ-13-2024.11,1.1,GARC1,RUS,BDQ,mmpS5@*=,S,{},"{""default_rule"": ""True""}",{}
294,NC_000962.3,BDQ-13-2024.11,1.1,GARC1,RUS,BDQ,mmpL5@*=,S,{},"{""default_rule"": ""True""}",{}
300,NC_000962.3,BDQ-13-2024.11,1.1,GARC1,RUS,BDQ,atpE@*=,S,{},"{""default_rule"": ""True""}",{}
5,NC_000962.3,BDQ-13-2024.11,1.1,GARC1,RUS,BDQ,Rv0678@192_ins_g,R,{},"[{""proportion"": 0.4222222222222222, ""confidence"": [0.3254240646742608, 0.5253881437468566], ""p_value"": 1.7236666677871754e-15, ""contingency"": [[38, 52], [196, 10440]]}]",{}
12,NC_000962.3,BDQ-13-2024.11,1.1,GARC1,RUS,BDQ,Rv0678@I67L,R,{},"[{""proportion"": 1.0, ""confidence"": [0.3423802275066531, 1.0], ""p_value"": 0.010000000000000002, ""contingency"": [[2, 0], [196, 10440]]}]",{}
14,NC_000962.3,BDQ-13-2024.11,1.1,GARC1,RUS,BDQ,Rv0678@274_ins_a,R,{},"[{""proportion"": 0.75, ""confidence"": [0.3006418425824019, 0.9544127391902995], ""p_value"": 0.0037000000000000006, ""contingency"": [[3, 1], [196, 10440]]}]",{}
15,NC_000962.3,BDQ-13-2024.11,1.1,GARC1,RUS,BDQ,Rv0678@141_ins_c,R,{},"[{""proportion"": 0.8143712574850299, ""confidence"": [0.7485732490496727, 0.866031664329124], ""p_value"": 1.9557480428556208e-104, ""contingency"": [[136, 31], [196, 10440]]}]",{}
28,NC_000962.3,BDQ-13-2024.11,1.1,GARC1,RUS,BDQ,Rv0678@Q115!,R,{},"[{""proportion"": 0.75, ""confidence"": [0.3006418425824019, 0.9544127391902995], ""p_value"": 0.0037000000000000006, ""contingency"": [[3, 1], [196, 10440]]}]",{}
32,NC_000962.3,BDQ-13-2024.11,1.1,GARC1,RUS,BDQ,Rv0678@465_ins_c,R,{},"[{""proportion"": 0.6666666666666666, ""confidence"": [0.299993315138392, 0.9032285888942195], ""p_value"": 0.0012700000000000003, ""contingency"": [[4, 2], [196, 10440]]}]",{}
44,NC_000962.3,BDQ-13-2024.11,1.1,GARC1,RUS,BDQ,Rv0678@132_ins_gt,R,{},"[{""proportion"": 0.8888888888888888, ""confidence"": [0.6720023486982118, 0.9689804773543876], ""p_value"": 1.255600000000001e-14, ""contingency"": [[16, 2], [196, 10440]]}]",{}
49,NC_000962.3,BDQ-13-2024.11,1.1,GARC1,RUS,BDQ,Rv0678@138_ins_g,R,{},"[{""proportion"": 0.7450980392156863, ""confidence"": [0.6113171816155625, 0.844542318434177], ""p_value"": 1.2569664117109108e-27, ""contingency"": [[38, 13], [196, 10440]]}]",{}
55,NC_000962.3,BDQ-13-2024.11,1.1,GARC1,RUS,BDQ,Rv0678@491_ins_cg,R,{},"[{""proportion"": 0.8333333333333334, ""confidence"": [0.4364971778135299, 0.9699466302516934], ""p_value"": 5.5000000000000016e-05, ""contingency"": [[5, 1], [196, 10440]]}]",{}
61,NC_000962.3,BDQ-13-2024.11,1.1,GARC1,RUS,BDQ,Rv0678@P48L,R,{},"[{""proportion"": 0.6666666666666666, ""confidence"": [0.20765960080204768, 0.9385080552796037], ""p_value"": 0.028000000000000008, ""contingency"": [[2, 1], [196, 10440]]}]",{}
69,NC_000962.3,BDQ-13-2024.11,1.1,GARC1,RUS,BDQ,Rv0678@G121R,R,{},"[{""proportion"": 1.0, ""confidence"": [0.6096657120978346, 1.0], ""p_value"": 1.0000000000000004e-06, ""contingency"": [[6, 0], [196, 10440]]}]",{}
72,NC_000962.3,BDQ-13-2024.11,1.1,GARC1,RUS,BDQ,Rv0678@L136P,R,{},"[{""proportion"": 1.0, ""confidence"": [0.3423802275066531, 1.0], ""p_value"": 0.010000000000000002, ""contingency"": [[2, 0], [196, 10440]]}]",{}
96,NC_000962.3,BDQ-13-2024.11,1.1,GARC1,RUS,BDQ,Rv0678@A36V,R,{},"[{""proportion"": 1.0, ""confidence"": [0.4385029682449545, 1.0], ""p_value"": 0.0010000000000000002, ""contingency"": [[3, 0], [196, 10440]]}]",{}
98,NC_000962.3,BDQ-13-2024.11,1.1,GARC1,RUS,BDQ,Rv0678@C46R,R,{},"[{""proportion"": 0.8333333333333334, ""confidence"": [0.4364971778135299, 0.9699466302516934], ""p_value"": 5.5000000000000016e-05, ""contingency"": [[5, 1], [196, 10440]]}]",{}
99,NC_000962.3,BDQ-13-2024.11,1.1,GARC1,RUS,BDQ,Rv0678@140_ins_tc,R,{},"[{""proportion"": 0.85, ""confidence"": [0.639581135259243, 0.9476312541037835], ""p_value"": 8.466310000000009e-15, ""contingency"": [[17, 3], [196, 10440]]}]",{}
102,NC_000962.3,BDQ-13-2024.11,1.1,GARC1,RUS,BDQ,Rv0678@464_ins_gc,R,{},"[{""proportion"": 1.0, ""confidence"": [0.5101091635454027, 1.0], ""p_value"": 0.00010000000000000002, ""contingency"": [[4, 0], [196, 10440]]}]",{}
111,NC_000962.3,BDQ-13-2024.11,1.1,GARC1,RUS,BDQ,Rv0678@S2I,R,{},"[{""proportion"": 0.75, ""confidence"": [0.3006418425824019, 0.9544127391902995], ""p_value"": 0.0037000000000000006, ""contingency"": [[3, 1], [196, 10440]]}]",{}
117,NC_000962.3,BDQ-13-2024.11,1.1,GARC1,RUS,BDQ,Rv0678@R94W,R,{},"[{""proportion"": 0.75, ""confidence"": [0.3006418425824019, 0.9544127391902995], ""p_value"": 0.0037000000000000006, ""contingency"": [[3, 1], [196, 10440]]}]",{}
137,NC_000962.3,BDQ-13-2024.11,1.1,GARC1,RUS,BDQ,Rv0678@L40F,R,{},"[{""proportion"": 1.0, ""confidence"": [0.3423802275066531, 1.0], ""p_value"": 0.010000000000000002, ""contingency"": [[2, 0], [196, 10440]]}]",{}
138,NC_000962.3,BDQ-13-2024.11,1.1,GARC1,RUS,BDQ,Rv0678@418_ins_g,R,{},"[{""proportion"": 0.6666666666666666, ""confidence"": [0.20765960080204768, 0.9385080552796037], ""p_value"": 0.028000000000000008, ""contingency"": [[2, 1], [196, 10440]]}]",{}
141,NC_000962.3,BDQ-13-2024.11,1.1,GARC1,RUS,BDQ,Rv0678@16_del_g,R,{},"[{""proportion"": 1.0, ""confidence"": [0.6096657120978346, 1.0], ""p_value"": 1.0000000000000004e-06, ""contingency"": [[6, 0], [196, 10440]]}]",{}
143,NC_000962.3,BDQ-13-2024.11,1.1,GARC1,RUS,BDQ,Rv0678@M146T,R,{},"[{""proportion"": 0.4583333333333333, ""confidence"": [0.2789133373121098, 0.6492513464108051], ""p_value"": 7.19430672529416e-06, ""contingency"": [[11, 13], [196, 10440]]}]",{}
144,NC_000962.3,BDQ-13-2024.11,1.1,GARC1,RUS,BDQ,Rv0678@193_del_g,R,{},"[{""proportion"": 0.7391304347826086, ""confidence"": [0.5352999516257462, 0.8745138395501365], ""p_value"": 5.569372384300006e-13, ""contingency"": [[17, 6], [196, 10440]]}]",{}
147,NC_000962.3,BDQ-13-2024.11,1.1,GARC1,RUS,BDQ,Rv0678@289_del_c,R,{},"[{""proportion"": 1.0, ""confidence"": [0.5101091635454027, 1.0], ""p_value"": 0.00010000000000000002, ""contingency"": [[4, 0], [196, 10440]]}]",{}
149,NC_000962.3,BDQ-13-2024.11,1.1,GARC1,RUS,BDQ,Rv0678@193_indel,R,{},"[{""proportion"": 0.8, ""confidence"": [0.37553462976252533, 0.9637758913675698], ""p_value"": 0.0004600000000000001, ""contingency"": [[4, 1], [196, 10440]]}]",{}
152,NC_000962.3,BDQ-13-2024.11,1.1,GARC1,RUS,BDQ,pepQ@817_ins_g,R,{},"[{""proportion"": 0.6666666666666666, ""confidence"": [0.20765960080204768, 0.9385080552796037], ""p_value"": 0.028000000000000008, ""contingency"": [[2, 1], [196, 10440]]}]",{}
154,NC_000962.3,BDQ-13-2024.11,1.1,GARC1,RUS,BDQ,pepQ@1017_del_gga,R,{},"[{""proportion"": 1.0, ""confidence"": [0.3423802275066531, 1.0], ""p_value"": 0.010000000000000002, ""contingency"": [[2, 0], [196, 10440]]}]",{}
158,NC_000962.3,BDQ-13-2024.11,1.1,GARC1,RUS,BDQ,Rv0678@383_del_c,R,{},"[{""proportion"": 1.0, ""confidence"": [0.4385029682449545, 1.0], ""p_value"": 0.0010000000000000002, ""contingency"": [[3, 0], [196, 10440]]}]",{}
159,NC_000962.3,BDQ-13-2024.11,1.1,GARC1,RUS,BDQ,Rv0678@I67S,R,{},"[{""proportion"": 1.0, ""confidence"": [0.7411670330319683, 1.0000000000000002], ""p_value"": 1.0000000000000006e-11, ""contingency"": [[11, 0], [196, 10440]]}]",{}
160,NC_000962.3,BDQ-13-2024.11,1.1,GARC1,RUS,BDQ,pepQ@298_ins_c,R,{},"[{""proportion"": 0.6666666666666666, ""confidence"": [0.20765960080204768, 0.9385080552796037], ""p_value"": 0.028000000000000008, ""contingency"": [[2, 1], [196, 10440]]}]",{}
161,NC_000962.3,BDQ-13-2024.11,1.1,GARC1,RUS,BDQ,Rv0678@N70D,R,{},"[{""proportion"": 0.8571428571428571, ""confidence"": [0.48687217072568106, 0.9743203756552565], ""p_value"": 6.400000000000001e-06, ""contingency"": [[6, 1], [196, 10440]]}]",{}
162,NC_000962.3,BDQ-13-2024.11,1.1,GARC1,RUS,BDQ,Rv0678@R109P,R,{},"[{""proportion"": 1.0, ""confidence"": [0.3423802275066531, 1.0], ""p_value"": 0.010000000000000002, ""contingency"": [[2, 0], [196, 10440]]}]",{}
164,NC_000962.3,BDQ-13-2024.11,1.1,GARC1,RUS,BDQ,Rv0678@292_del_a,R,{},"[{""proportion"": 0.875, ""confidence"": [0.5291118177871466, 0.9775825085499433], ""p_value"": 7.300000000000004e-07, ""contingency"": [[7, 1], [196, 10440]]}]",{}
181,NC_000962.3,BDQ-13-2024.11,1.1,GARC1,RUS,BDQ,Rv0678@423_ins_c,R,{},"[{""proportion"": 0.9285714285714286, ""confidence"": [0.6853129557584889, 0.9872777847521091], ""p_value"": 1.2700000000000008e-12, ""contingency"": [[13, 1], [196, 10440]]}]",{}
182,NC_000962.3,BDQ-13-2024.11,1.1,GARC1,RUS,BDQ,pepQ@150_ins_c,R,{},"[{""proportion"": 1.0, ""confidence"": [0.3423802275066531, 1.0], ""p_value"": 0.010000000000000002, ""contingency"": [[2, 0], [196, 10440]]}]",{}
184,NC_000962.3,BDQ-13-2024.11,1.1,GARC1,RUS,BDQ,Rv0678@137_ins_tga,R,{},"[{""proportion"": 1.0, ""confidence"": [0.4385029682449545, 1.0], ""p_value"": 0.0010000000000000002, ""contingency"": [[3, 0], [196, 10440]]}]",{}
185,NC_000962.3,BDQ-13-2024.11,1.1,GARC1,RUS,BDQ,Rv0678@471_del_cagc,R,{},"[{""proportion"": 1.0, ""confidence"": [0.4385029682449545, 1.0], ""p_value"": 0.0010000000000000002, ""contingency"": [[3, 0], [196, 10440]]}]",{}
186,NC_000962.3,BDQ-13-2024.11,1.1,GARC1,RUS,BDQ,Rv0678@L60P,R,{},"[{""proportion"": 1.0, ""confidence"": [0.3423802275066531, 1.0], ""p_value"": 0.010000000000000002, ""contingency"": [[2, 0], [196, 10440]]}]",{}
187,NC_000962.3,BDQ-13-2024.11,1.1,GARC1,RUS,BDQ,atpE@I66M,R,{},"[{""proportion"": 1.0, ""confidence"": [0.4385029682449545, 1.0], ""p_value"": 0.0010000000000000002, ""contingency"": [[3, 0], [196, 10440]]}]",{}
188,NC_000962.3,BDQ-13-2024.11,1.1,GARC1,RUS,BDQ,Rv0678@L122P,R,{},"[{""proportion"": 1.0, ""confidence"": [0.3423802275066531, 1.0], ""p_value"": 0.010000000000000002, ""contingency"": [[2, 0], [196, 10440]]}]",{}
194,NC_000962.3,BDQ-13-2024.11,1.1,GARC1,RUS,BDQ,Rv0678@441_ins_t,R,{},"[{""proportion"": 1.0, ""confidence"": [0.4385029682449545, 1.0], ""p_value"": 0.0010000000000000002, ""contingency"": [[3, 0], [196, 10440]]}]",{}
195,NC_000962.3,BDQ-13-2024.11,1.1,GARC1,RUS,BDQ,Rv0678@F79L,R,{},"[{""proportion"": 1.0, ""confidence"": [0.3423802275066531, 1.0], ""p_value"": 0.010000000000000002, ""contingency"": [[2, 0], [196, 10440]]}]",{}
197,NC_000962.3,BDQ-13-2024.11,1.1,GARC1,RUS,BDQ,Rv0678@Y92!,R,{},"[{""proportion"": 1.0, ""confidence"": [0.3423802275066531, 1.0], ""p_value"": 0.010000000000000002, ""contingency"": [[2, 0], [196, 10440]]}]",{}
199,NC_000962.3,BDQ-13-2024.11,1.1,GARC1,RUS,BDQ,Rv0678@G65E,R,{},"[{""proportion"": 1.0, ""confidence"": [0.4385029682449545, 1.0], ""p_value"": 0.0010000000000000002, ""contingency"": [[3, 0], [196, 10440]]}]",{}
200,NC_000962.3,BDQ-13-2024.11,1.1,GARC1,RUS,BDQ,Rv0678@G78R,R,{},"[{""proportion"": 1.0, ""confidence"": [0.3423802275066531, 1.0], ""p_value"": 0.010000000000000002, ""contingency"": [[2, 0], [196, 10440]]}]",{}
203,NC_000962.3,BDQ-13-2024.11,1.1,GARC1,RUS,BDQ,Rv0678@G41D,R,{},"[{""proportion"": 1.0, ""confidence"": [0.5101091635454027, 1.0], ""p_value"": 0.00010000000000000002, ""contingency"": [[4, 0], [196, 10440]]}]",{}
210,NC_000962.3,BDQ-13-2024.11,1.1,GARC1,RUS,BDQ,Rv0678@T91I,R,{},"[{""proportion"": 1.0, ""confidence"": [0.4385029682449545, 1.0], ""p_value"": 0.0010000000000000002, ""contingency"": [[3, 0], [196, 10440]]}]",{}
213,NC_000962.3,BDQ-13-2024.11,1.1,GARC1,RUS,BDQ,Rv0678@R34W,R,{},"[{""proportion"": 1.0, ""confidence"": [0.3423802275066531, 1.0], ""p_value"": 0.010000000000000002, ""contingency"": [[2, 0], [196, 10440]]}]",{}
216,NC_000962.3,BDQ-13-2024.11,1.1,GARC1,RUS,BDQ,Rv0678@S63G,R,{},"[{""proportion"": 1.0, ""confidence"": [0.4385029682449545, 1.0], ""p_value"": 0.0010000000000000002, ""contingency"": [[3, 0], [196, 10440]]}]",{}
220,NC_000962.3,BDQ-13-2024.11,1.1,GARC1,RUS,BDQ,Rv0678@C46W,R,{},"[{""proportion"": 1.0, ""confidence"": [0.3423802275066531, 1.0], ""p_value"": 0.010000000000000002, ""contingency"": [[2, 0], [196, 10440]]}]",{}
221,NC_000962.3,BDQ-13-2024.11,1.1,GARC1,RUS,BDQ,Rv0678@Y157S,R,{},"[{""proportion"": 1.0, ""confidence"": [0.3423802275066531, 1.0], ""p_value"": 0.010000000000000002, ""contingency"": [[2, 0], [196, 10440]]}]",{}
226,NC_000962.3,BDQ-13-2024.11,1.1,GARC1,RUS,BDQ,Rv0678@R134!,R,{},"[{""proportion"": 1.0, ""confidence"": [0.5101091635454027, 1.0], ""p_value"": 0.00010000000000000002, ""contingency"": [[4, 0], [196, 10440]]}]",{}
228,NC_000962.3,BDQ-13-2024.11,1.1,GARC1,RUS,BDQ,Rv0678@Q115P,R,{},"[{""proportion"": 1.0, ""confidence"": [0.3423802275066531, 1.0], ""p_value"": 0.010000000000000002, ""contingency"": [[2, 0], [196, 10440]]}]",{}
230,NC_000962.3,BDQ-13-2024.11,1.1,GARC1,RUS,BDQ,Rv0678@136_ins_g,R,{},"[{""proportion"": 1.0, ""confidence"": [0.6096657120978346, 1.0], ""p_value"": 1.0000000000000004e-06, ""contingency"": [[6, 0], [196, 10440]]}]",{}
232,NC_000962.3,BDQ-13-2024.11,1.1,GARC1,RUS,BDQ,Rv0678@369_ins_gc,R,{},"[{""proportion"": 1.0, ""confidence"": [0.3423802275066531, 1.0], ""p_value"": 0.010000000000000002, ""contingency"": [[2, 0], [196, 10440]]}]",{}
237,NC_000962.3,BDQ-13-2024.11,1.1,GARC1,RUS,BDQ,Rv0678@199_ins_tc,R,{},"[{""proportion"": 1.0, ""confidence"": [0.3423802275066531, 1.0], ""p_value"": 0.010000000000000002, ""contingency"": [[2, 0], [196, 10440]]}]",{}
238,NC_000962.3,BDQ-13-2024.11,1.1,GARC1,RUS,BDQ,Rv0678@148_ins_g,R,{},"[{""proportion"": 1.0, ""confidence"": [0.6096657120978346, 1.0], ""p_value"": 1.0000000000000004e-06, ""contingency"": [[6, 0], [196, 10440]]}]",{}
239,NC_000962.3,BDQ-13-2024.11,1.1,GARC1,RUS,BDQ,Rv0678@287_del_g,R,{},"[{""proportion"": 1.0, ""confidence"": [0.3423802275066531, 1.0], ""p_value"": 0.010000000000000002, ""contingency"": [[2, 0], [196, 10440]]}]",{}
247,NC_000962.3,BDQ-13-2024.11,1.1,GARC1,RUS,BDQ,Rv0678@G24C,R,{},"[{""proportion"": 1.0, ""confidence"": [0.3423802275066531, 1.0], ""p_value"": 0.010000000000000002, ""contingency"": [[2, 0], [196, 10440]]}]",{}
252,NC_000962.3,BDQ-13-2024.11,1.1,GARC1,RUS,BDQ,Rv0678@265_ins_t,R,{},"[{""proportion"": 1.0, ""confidence"": [0.4385029682449545, 1.0], ""p_value"": 0.0010000000000000002, ""contingency"": [[3, 0], [196, 10440]]}]",{}
255,NC_000962.3,BDQ-13-2024.11,1.1,GARC1,RUS,BDQ,Rv0678@F93L,R,{},"[{""proportion"": 1.0, ""confidence"": [0.4385029682449545, 1.0], ""p_value"": 0.0010000000000000002, ""contingency"": [[3, 0], [196, 10440]]}]",{}
257,NC_000962.3,BDQ-13-2024.11,1.1,GARC1,RUS,BDQ,Rv0678@150_ins_c,R,{},"[{""proportion"": 1.0, ""confidence"": [0.6096657120978346, 1.0], ""p_value"": 1.0000000000000004e-06, ""contingency"": [[6, 0], [196, 10440]]}]",{}
278,NC_000962.3,BDQ-13-2024.11,1.1,GARC1,RUS,BDQ,Rv0678@*_indel,R,{},{},{}
0,NC_000962.3,BDQ-13-2024.11,1.1,GARC1,RUS,BDQ,Rv0678@A101E,U,{},"[{""proportion"": 0.0, ""confidence"": [0.0, 0.7934506856227626], ""p_value"": 1.0, ""contingency"": [[0, 1], [196, 10440]]}]",{}
1,NC_000962.3,BDQ-13-2024.11,1.1,GARC1,RUS,BDQ,Rv0678@S68N,U,{},"[{""proportion"": 1.0, ""confidence"": [0.20654931437723742, 1.0], ""p_value"": 0.1, ""contingency"": [[1, 0], [196, 10440]]}]",{}
2,NC_000962.3,BDQ-13-2024.11,1.1,GARC1,RUS,BDQ,Rv0678@Q51R,U,{},"[{""proportion"": 0.3333333333333333, ""confidence"": [0.061491944720396215, 0.7923403991979523], ""p_value"": 0.271, ""contingency"": [[1, 2], [196, 10440]]}]",{}
3,NC_000962.3,BDQ-13-2024.11,1.1,GARC1,RUS,BDQ,Rv0678@G103S,U,{},"[{""proportion"": 0.0, ""confidence"": [0.0, 0.6576197724933469], ""p_value"": 1.0, ""contingency"": [[0, 2], [196, 10440]]}]",{}
4,NC_000962.3,BDQ-13-2024.11,1.1,GARC1,RUS,BDQ,Rv0678@A62T,U,{},"[{""proportion"": 0.0, ""confidence"": [0.0, 0.7934506856227626], ""p_value"": 1.0, ""contingency"": [[0, 1], [196, 10440]]}]",{}
6,NC_000962.3,BDQ-13-2024.11,1.1,GARC1,RUS,BDQ,pepQ@A305V,U,{},"[{""proportion"": 0.0, ""confidence"": [0.0, 0.6576197724933469], ""p_value"": 1.0, ""contingency"": [[0, 2], [196, 10440]]}]",{}
7,NC_000962.3,BDQ-13-2024.11,1.1,GARC1,RUS,BDQ,Rv0678@R50Q,U,{},"[{""proportion"": 0.0, ""confidence"": [0.0, 0.6576197724933469], ""p_value"": 1.0, ""contingency"": [[0, 2], [196, 10440]]}]",{}
8,NC_000962.3,BDQ-13-2024.11,1.1,GARC1,RUS,BDQ,pepQ@D209E,U,{},"[{""proportion"": 0.0, ""confidence"": [0.0, 0.7934506856227626], ""p_value"": 1.0, ""contingency"": [[0, 1], [196, 10440]]}]",{}
9,NC_000962.3,BDQ-13-2024.11,1.1,GARC1,RUS,BDQ,Rv0678@M17V,U,{},"[{""proportion"": 0.0, ""confidence"": [0.0, 0.7934506856227626], ""p_value"": 1.0, ""contingency"": [[0, 1], [196, 10440]]}]",{}
10,NC_000962.3,BDQ-13-2024.11,1.1,GARC1,RUS,BDQ,Rv0678@S52P,U,{},"[{""proportion"": 0.0, ""confidence"": [0.0, 0.7934506856227626], ""p_value"": 1.0, ""contingency"": [[0, 1], [196, 10440]]}]",{}
11,NC_000962.3,BDQ-13-2024.11,1.1,GARC1,RUS,BDQ,pepQ@V101L,U,{},"[{""proportion"": 0.0, ""confidence"": [0.0, 0.7934506856227626], ""p_value"": 1.0, ""contingency"": [[0, 1], [196, 10440]]}]",{}
13,NC_000962.3,BDQ-13-2024.11,1.1,GARC1,RUS,BDQ,Rv0678@E113K,U,{},"[{""proportion"": 0.0, ""confidence"": [0.0, 0.7934506856227626], ""p_value"": 1.0, ""contingency"": [[0, 1], [196, 10440]]}]",{}
16,NC_000962.3,BDQ-13-2024.11,1.1,GARC1,RUS,BDQ,pepQ@V343A,U,{},"[{""proportion"": 0.0, ""confidence"": [0.0, 0.7934506856227626], ""p_value"": 1.0, ""contingency"": [[0, 1], [196, 10440]]}]",{}
17,NC_000962.3,BDQ-13-2024.11,1.1,GARC1,RUS,BDQ,atpE@A62T,U,{},"[{""proportion"": 0.0, ""confidence"": [0.0, 0.7934506856227626], ""p_value"": 1.0, ""contingency"": [[0, 1], [196, 10440]]}]",{}
18,NC_000962.3,BDQ-13-2024.11,1.1,GARC1,RUS,BDQ,Rv0678@R72W,U,{},"[{""proportion"": 0.0, ""confidence"": [0.0, 0.6576197724933469], ""p_value"": 1.0, ""contingency"": [[0, 2], [196, 10440]]}]",{}
19,NC_000962.3,BDQ-13-2024.11,1.1,GARC1,RUS,BDQ,Rv0678@L40M,U,{},"[{""proportion"": 1.0, ""confidence"": [0.20654931437723742, 1.0], ""p_value"": 0.1, ""contingency"": [[1, 0], [196, 10440]]}]",{}
20,NC_000962.3,BDQ-13-2024.11,1.1,GARC1,RUS,BDQ,pepQ@E360D,U,{},"[{""proportion"": 0.0, ""confidence"": [0.0, 0.7934506856227626], ""p_value"": 1.0, ""contingency"": [[0, 1], [196, 10440]]}]",{}
21,NC_000962.3,BDQ-13-2024.11,1.1,GARC1,RUS,BDQ,Rv0678@492_ins_ga,U,{},"[{""proportion"": 0.0, ""confidence"": [0.0, 0.6576197724933469], ""p_value"": 1.0, ""contingency"": [[0, 2], [196, 10440]]}]",{}
22,NC_000962.3,BDQ-13-2024.11,1.1,GARC1,RUS,BDQ,Rv0678@c-25t,U,{},"[{""proportion"": 0.0, ""confidence"": [0.0, 0.7934506856227626], ""p_value"": 1.0, ""contingency"": [[0, 1], [196, 10440]]}]",{}
23,NC_000962.3,BDQ-13-2024.11,1.1,GARC1,RUS,BDQ,Rv0678@c-11a,U,{},"[{""proportion"": 0.10784313725490197, ""confidence"": [0.061293197233020486, 0.18285932209753886], ""p_value"": 0.7413716272539335, ""contingency"": [[11, 91], [196, 10440]]}]",{}
24,NC_000962.3,BDQ-13-2024.11,1.1,GARC1,RUS,BDQ,Rv0678@19_del_gtc,U,{},"[{""proportion"": 0.0, ""confidence"": [0.0, 0.7934506856227626], ""p_value"": 1.0, ""contingency"": [[0, 1], [196, 10440]]}]",{}
25,NC_000962.3,BDQ-13-2024.11,1.1,GARC1,RUS,BDQ,Rv0678@I108T,U,{},"[{""proportion"": 0.0, ""confidence"": [0.0, 0.6576197724933469], ""p_value"": 1.0, ""contingency"": [[0, 2], [196, 10440]]}]",{}
26,NC_000962.3,BDQ-13-2024.11,1.1,GARC1,RUS,BDQ,Rv0678@S68G,U,{},"[{""proportion"": 0.0, ""confidence"": [0.0, 0.7934506856227626], ""p_value"": 1.0, ""contingency"": [[0, 1], [196, 10440]]}]",{}
27,NC_000962.3,BDQ-13-2024.11,1.1,GARC1,RUS,BDQ,Rv0678@E21K,U,{},"[{""proportion"": 0.0, ""confidence"": [0.0, 0.7934506856227626], ""p_value"": 1.0, ""contingency"": [[0, 1], [196, 10440]]}]",{}
29,NC_000962.3,BDQ-13-2024.11,1.1,GARC1,RUS,BDQ,pepQ@A263V,U,{},"[{""proportion"": 0.0, ""confidence"": [0.0, 0.7934506856227626], ""p_value"": 1.0, ""contingency"": [[0, 1], [196, 10440]]}]",{}
30,NC_000962.3,BDQ-13-2024.11,1.1,GARC1,RUS,BDQ,atpE@E61D,U,{},"[{""proportion"": 1.0, ""confidence"": [0.20654931437723742, 1.0], ""p_value"": 0.1, ""contingency"": [[1, 0], [196, 10440]]}]",{}
31,NC_000962.3,BDQ-13-2024.11,1.1,GARC1,RUS,BDQ,pepQ@V1M,U,{},"[{""proportion"": 0.0, ""confidence"": [0.0, 0.7934506856227626], ""p_value"": 1.0, ""contingency"": [[0, 1], [196, 10440]]}]",{}
33,NC_000962.3,BDQ-13-2024.11,1.1,GARC1,RUS,BDQ,Rv0678@R96G,U,{},"[{""proportion"": 0.0, ""confidence"": [0.0, 0.7934506856227626], ""p_value"": 1.0, ""contingency"": [[0, 1], [196, 10440]]}]",{}
34,NC_000962.3,BDQ-13-2024.11,1.1,GARC1,RUS,BDQ,pepQ@R7Q,U,{},"[{""proportion"": 0.0, ""confidence"": [0.0, 0.43448246478317476], ""p_value"": 1.0, ""contingency"": [[0, 5], [196, 10440]]}]",{}
35,NC_000962.3,BDQ-13-2024.11,1.1,GARC1,RUS,BDQ,pepQ@P165Q,U,{},"[{""proportion"": 0.0, ""confidence"": [0.0, 0.7934506856227626], ""p_value"": 1.0, ""contingency"": [[0, 1], [196, 10440]]}]",{}
36,NC_000962.3,BDQ-13-2024.11,1.1,GARC1,RUS,BDQ,atpE@T51I,U,{},"[{""proportion"": 0.0, ""confidence"": [0.0, 0.7934506856227626], ""p_value"": 1.0, ""contingency"": [[0, 1], [196, 10440]]}]",{}
37,NC_000962.3,BDQ-13-2024.11,1.1,GARC1,RUS,BDQ,Rv0678@Q76E,U,{},"[{""proportion"": 0.0, ""confidence"": [0.0, 0.6576197724933469], ""p_value"": 1.0, ""contingency"": [[0, 2], [196, 10440]]}]",{}
38,NC_000962.3,BDQ-13-2024.11,1.1,GARC1,RUS,BDQ,atpE@S37A,U,{},"[{""proportion"": 0.0, ""confidence"": [0.0, 0.7934506856227626], ""p_value"": 1.0, ""contingency"": [[0, 1], [196, 10440]]}]",{}
39,NC_000962.3,BDQ-13-2024.11,1.1,GARC1,RUS,BDQ,Rv0678@G162E,U,{},"[{""proportion"": 0.0, ""confidence"": [0.0, 0.6576197724933469], ""p_value"": 1.0, ""contingency"": [[0, 2], [196, 10440]]}]",{}
40,NC_000962.3,BDQ-13-2024.11,1.1,GARC1,RUS,BDQ,Rv0678@Q51K,U,{},"[{""proportion"": 0.0, ""confidence"": [0.0, 0.7934506856227626], ""p_value"": 1.0, ""contingency"": [[0, 1], [196, 10440]]}]",{}
41,NC_000962.3,BDQ-13-2024.11,1.1,GARC1,RUS,BDQ,Rv0678@N4T,U,{},"[{""proportion"": 0.0, ""confidence"": [0.0, 0.6576197724933469], ""p_value"": 1.0, ""contingency"": [[0, 2], [196, 10440]]}]",{}
42,NC_000962.3,BDQ-13-2024.11,1.1,GARC1,RUS,BDQ,pepQ@F46L,U,{},"[{""proportion"": 0.0, ""confidence"": [0.0, 0.1843181350088518], ""p_value"": 0.40497462824646446, ""contingency"": [[0, 17], [196, 10440]]}]",{}
43,NC_000962.3,BDQ-13-2024.11,1.1,GARC1,RUS,BDQ,Rv0678@c-34t,U,{},"[{""proportion"": 0.0, ""confidence"": [0.0, 0.7934506856227626], ""p_value"": 1.0, ""contingency"": [[0, 1], [196, 10440]]}]",{}
45,NC_000962.3,BDQ-13-2024.11,1.1,GARC1,RUS,BDQ,Rv0678@R38!,U,{},"[{""proportion"": 0.5, ""confidence"": [0.09453120573423071, 0.9054687942657693], ""p_value"": 0.19000000000000003, ""contingency"": [[1, 1], [196, 10440]]}]",{}
46,NC_000962.3,BDQ-13-2024.11,1.1,GARC1,RUS,BDQ,pepQ@P69L,U,{},"[{""proportion"": 0.0, ""confidence"": [0.0, 0.43448246478317476], ""p_value"": 1.0, ""contingency"": [[0, 5], [196, 10440]]}]",{}
47,NC_000962.3,BDQ-13-2024.11,1.1,GARC1,RUS,BDQ,Rv0678@E55D,U,{},"[{""proportion"": 0.0, ""confidence"": [2.1779500349382702e-17, 0.2153108027376358], ""p_value"": 0.3871279058362299, ""contingency"": [[0, 14], [196, 10440]]}]",{}
48,NC_000962.3,BDQ-13-2024.11,1.1,GARC1,RUS,BDQ,Rv0678@I80S,U,{},"[{""proportion"": 0.0, ""confidence"": [0.0, 0.7934506856227626], ""p_value"": 1.0, ""contingency"": [[0, 1], [196, 10440]]}]",{}
50,NC_000962.3,BDQ-13-2024.11,1.1,GARC1,RUS,BDQ,Rv0678@L117R,U,{},"[{""proportion"": 0.3333333333333333, ""confidence"": [0.061491944720396215, 0.7923403991979523], ""p_value"": 0.271, ""contingency"": [[1, 2], [196, 10440]]}]",{}
51,NC_000962.3,BDQ-13-2024.11,1.1,GARC1,RUS,BDQ,pepQ@V45L,U,{},"[{""proportion"": 0.0, ""confidence"": [0.0, 0.20388330103584862], ""p_value"": 0.38995220120104, ""contingency"": [[0, 15], [196, 10440]]}]",{}
52,NC_000962.3,BDQ-13-2024.11,1.1,GARC1,RUS,BDQ,Rv0678@R90C,U,{},"[{""proportion"": 0.14285714285714285, ""confidence"": [0.025679624344743555, 0.5131278292743189], ""p_value"": 0.5217031000000001, ""contingency"": [[1, 6], [196, 10440]]}]",{}
53,NC_000962.3,BDQ-13-2024.11,1.1,GARC1,RUS,BDQ,Rv0678@M139I,U,{},"[{""proportion"": 0.4, ""confidence"": [0.11762077423264786, 0.769275718723987], ""p_value"": 0.08146, ""contingency"": [[2, 3], [196, 10440]]}]",{}
54,NC_000962.3,BDQ-13-2024.11,1.1,GARC1,RUS,BDQ,Rv0678@N98D,U,{},"[{""proportion"": 0.125, ""confidence"": [0.022417491450056667, 0.47088818221285345], ""p_value"": 0.56953279, ""contingency"": [[1, 7], [196, 10440]]}]",{}
56,NC_000962.3,BDQ-13-2024.11,1.1,GARC1,RUS,BDQ,Rv0678@30_del_g,U,{},"[{""proportion"": 0.0, ""confidence"": [0.0, 0.4898908364545973], ""p_value"": 1.0, ""contingency"": [[0, 4], [196, 10440]]}]",{}
57,NC_000962.3,BDQ-13-2024.11,1.1,GARC1,RUS,BDQ,pepQ@G197R,U,{},"[{""proportion"": 0.0, ""confidence"": [0.0, 0.1071791982550706], ""p_value"": 0.07018570532138947, ""contingency"": [[0, 32], [196, 10440]]}]",{}
58,NC_000962.3,BDQ-13-2024.11,1.1,GARC1,RUS,BDQ,Rv0678@L40V,U,{},"[{""proportion"": 0.0, ""confidence"": [0.0, 0.2588329669680317], ""p_value"": 0.61645371589, ""contingency"": [[0, 11], [196, 10440]]}]",{}
59,NC_000962.3,BDQ-13-2024.11,1.1,GARC1,RUS,BDQ,pepQ@L107R,U,{},"[{""proportion"": 0.0, ""confidence"": [0.0, 0.7934506856227626], ""p_value"": 1.0, ""contingency"": [[0, 1], [196, 10440]]}]",{}
60,NC_000962.3,BDQ-13-2024.11,1.1,GARC1,RUS,BDQ,pepQ@S130L,U,{},"[{""proportion"": 0.0, ""confidence"": [0.0, 0.7934506856227626], ""p_value"": 1.0, ""contingency"": [[0, 1], [196, 10440]]}]",{}
62,NC_000962.3,BDQ-13-2024.11,1.1,GARC1,RUS,BDQ,Rv0678@L74V,U,{},"[{""proportion"": 0.0, ""confidence"": [0.0, 0.7934506856227626], ""p_value"": 1.0, ""contingency"": [[0, 1], [196, 10440]]}]",{}
63,NC_000962.3,BDQ-13-2024.11,1.1,GARC1,RUS,BDQ,pepQ@V328F,U,{},"[{""proportion"": 0.0, ""confidence"": [4.8683609171202235e-17, 0.5614970317550455], ""p_value"": 1.0, ""contingency"": [[0, 3], [196, 10440]]}]",{}
64,NC_000962.3,BDQ-13-2024.11,1.1,GARC1,RUS,BDQ,Rv0678@V20A,U,{},"[{""proportion"": 0.0, ""confidence"": [0.0, 0.7934506856227626], ""p_value"": 1.0, ""contingency"": [[0, 1], [196, 10440]]}]",{}
65,NC_000962.3,BDQ-13-2024.11,1.1,GARC1,RUS,BDQ,atpE@t-41c,U,{},"[{""proportion"": 0.0, ""confidence"": [0.0, 0.7934506856227626], ""p_value"": 1.0, ""contingency"": [[0, 1], [196, 10440]]}]",{}
66,NC_000962.3,BDQ-13-2024.11,1.1,GARC1,RUS,BDQ,pepQ@V104L,U,{},"[{""proportion"": 0.0, ""confidence"": [0.0, 0.6576197724933469], ""p_value"": 1.0, ""contingency"": [[0, 2], [196, 10440]]}]",{}
67,NC_000962.3,BDQ-13-2024.11,1.1,GARC1,RUS,BDQ,atpE@A18S,U,{},"[{""proportion"": 0.0, ""confidence"": [0.0, 0.7934506856227626], ""p_value"": 1.0, ""contingency"": [[0, 1], [196, 10440]]}]",{}
68,NC_000962.3,BDQ-13-2024.11,1.1,GARC1,RUS,BDQ,pepQ@M180V,U,{},"[{""proportion"": 0.0, ""confidence"": [0.0, 0.7934506856227626], ""p_value"": 1.0, ""contingency"": [[0, 1], [196, 10440]]}]",{}
70,NC_000962.3,BDQ-13-2024.11,1.1,GARC1,RUS,BDQ,Rv0678@S2R,U,{},"[{""proportion"": 0.0, ""confidence"": [4.8683609171202235e-17, 0.5614970317550455], ""p_value"": 1.0, ""contingency"": [[0, 3], [196, 10440]]}]",{}
71,NC_000962.3,BDQ-13-2024.11,1.1,GARC1,RUS,BDQ,pepQ@D26G,U,{},"[{""proportion"": 0.0, ""confidence"": [0.0, 0.7934506856227626], ""p_value"": 1.0, ""contingency"": [[0, 1], [196, 10440]]}]",{}
73,NC_000962.3,BDQ-13-2024.11,1.1,GARC1,RUS,BDQ,pepQ@I193T,U,{},"[{""proportion"": 0.0, ""confidence"": [4.8683609171202235e-17, 0.5614970317550455], ""p_value"": 1.0, ""contingency"": [[0, 3], [196, 10440]]}]",{}
74,NC_000962.3,BDQ-13-2024.11,1.1,GARC1,RUS,BDQ,Rv0678@107_ins_g,U,{},"[{""proportion"": 1.0, ""confidence"": [0.20654931437723742, 1.0], ""p_value"": 0.1, ""contingency"": [[1, 0], [196, 10440]]}]",{}
75,NC_000962.3,BDQ-13-2024.11,1.1,GARC1,RUS,BDQ,Rv0678@D8G,U,{},"[{""proportion"": 0.0, ""confidence"": [0.0, 0.7934506856227626], ""p_value"": 1.0, ""contingency"": [[0, 1], [196, 10440]]}]",{}
76,NC_000962.3,BDQ-13-2024.11,1.1,GARC1,RUS,BDQ,Rv0678@14_ins_cggggtg,U,{},"[{""proportion"": 0.0, ""confidence"": [0.0, 0.7934506856227626], ""p_value"": 1.0, ""contingency"": [[0, 1], [196, 10440]]}]",{}
77,NC_000962.3,BDQ-13-2024.11,1.1,GARC1,RUS,BDQ,Rv0678@S68I,U,{},"[{""proportion"": 0.0, ""confidence"": [0.0, 0.7934506856227626], ""p_value"": 1.0, ""contingency"": [[0, 1], [196, 10440]]}]",{}
78,NC_000962.3,BDQ-13-2024.11,1.1,GARC1,RUS,BDQ,Rv0678@c-30g,U,{},"[{""proportion"": 0.0, ""confidence"": [0.0, 0.7934506856227626], ""p_value"": 1.0, ""contingency"": [[0, 1], [196, 10440]]}]",{}
79,NC_000962.3,BDQ-13-2024.11,1.1,GARC1,RUS,BDQ,Rv0678@g-14a,U,{},"[{""proportion"": 0.0, ""confidence"": [0.0, 0.7934506856227626], ""p_value"": 1.0, ""contingency"": [[0, 1], [196, 10440]]}]",{}
80,NC_000962.3,BDQ-13-2024.11,1.1,GARC1,RUS,BDQ,pepQ@M180T,U,{},"[{""proportion"": 0.0, ""confidence"": [0.0, 0.7934506856227626], ""p_value"": 1.0, ""contingency"": [[0, 1], [196, 10440]]}]",{}
81,NC_000962.3,BDQ-13-2024.11,1.1,GARC1,RUS,BDQ,Rv0678@M23V,U,{},"[{""proportion"": 0.0, ""confidence"": [0.0, 0.6576197724933469], ""p_value"": 1.0, ""contingency"": [[0, 2], [196, 10440]]}]",{}
82,NC_000962.3,BDQ-13-2024.11,1.1,GARC1,RUS,BDQ,Rv0678@R109Q,U,{},"[{""proportion"": 0.0, ""confidence"": [0.0, 0.7934506856227626], ""p_value"": 1.0, ""contingency"": [[0, 1], [196, 10440]]}]",{}
83,NC_000962.3,BDQ-13-2024.11,1.1,GARC1,RUS,BDQ,pepQ@A242T,U,{},"[{""proportion"": 0.0, ""confidence"": [4.8683609171202235e-17, 0.5614970317550455], ""p_value"": 1.0, ""contingency"": [[0, 3], [196, 10440]]}]",{}
84,NC_000962.3,BDQ-13-2024.11,1.1,GARC1,RUS,BDQ,pepQ@A187E,U,{},"[{""proportion"": 0.0, ""confidence"": [4.8683609171202235e-17, 0.5614970317550455], ""p_value"": 1.0, ""contingency"": [[0, 3], [196, 10440]]}]",{}
85,NC_000962.3,BDQ-13-2024.11,1.1,GARC1,RUS,BDQ,pepQ@I28R,U,{},"[{""proportion"": 0.0, ""confidence"": [0.0, 0.7934506856227626], ""p_value"": 1.0, ""contingency"": [[0, 1], [196, 10440]]}]",{}
86,NC_000962.3,BDQ-13-2024.11,1.1,GARC1,RUS,BDQ,pepQ@R170W,U,{},"[{""proportion"": 0.0, ""confidence"": [0.0, 0.6576197724933469], ""p_value"": 1.0, ""contingency"": [[0, 2], [196, 10440]]}]",{}
87,NC_000962.3,BDQ-13-2024.11,1.1,GARC1,RUS,BDQ,pepQ@T341A,U,{},"[{""proportion"": 0.0, ""confidence"": [0.0, 0.6576197724933469], ""p_value"": 1.0, ""contingency"": [[0, 2], [196, 10440]]}]",{}
88,NC_000962.3,BDQ-13-2024.11,1.1,GARC1,RUS,BDQ,Rv0678@S158R,U,{},"[{""proportion"": 0.0, ""confidence"": [0.0, 0.7934506856227626], ""p_value"": 1.0, ""contingency"": [[0, 1], [196, 10440]]}]",{}
89,NC_000962.3,BDQ-13-2024.11,1.1,GARC1,RUS,BDQ,Rv0678@R156Q,U,{},"[{""proportion"": 0.0, ""confidence"": [0.0, 0.7934506856227626], ""p_value"": 1.0, ""contingency"": [[0, 1], [196, 10440]]}]",{}
90,NC_000962.3,BDQ-13-2024.11,1.1,GARC1,RUS,BDQ,pepQ@A124V,U,{},"[{""proportion"": 0.0, ""confidence"": [4.8683609171202235e-17, 0.5614970317550455], ""p_value"": 1.0, ""contingency"": [[0, 3], [196, 10440]]}]",{}
91,NC_000962.3,BDQ-13-2024.11,1.1,GARC1,RUS,BDQ,Rv0678@t-20c,U,{},"[{""proportion"": 0.0, ""confidence"": [0.0, 0.7934506856227626], ""p_value"": 1.0, ""contingency"": [[0, 1], [196, 10440]]}]",{}
92,NC_000962.3,BDQ-13-2024.11,1.1,GARC1,RUS,BDQ,pepQ@E177D,U,{},"[{""proportion"": 0.0, ""confidence"": [0.0, 0.7934506856227626], ""p_value"": 1.0, ""contingency"": [[0, 1], [196, 10440]]}]",{}
93,NC_000962.3,BDQ-13-2024.11,1.1,GARC1,RUS,BDQ,atpE@G12S,U,{},"[{""proportion"": 0.0, ""confidence"": [0.0, 0.7934506856227626], ""p_value"": 1.0, ""contingency"": [[0, 1], [196, 10440]]}]",{}
94,NC_000962.3,BDQ-13-2024.11,1.1,GARC1,RUS,BDQ,Rv0678@402_del_acggctgcggga,U,{},"[{""proportion"": 0.0, ""confidence"": [0.0, 0.7934506856227626], ""p_value"": 1.0, ""contingency"": [[0, 1], [196, 10440]]}]",{}
95,NC_000962.3,BDQ-13-2024.11,1.1,GARC1,RUS,BDQ,Rv0678@L40S,U,{},"[{""proportion"": 0.0, ""confidence"": [0.0, 0.7934506856227626], ""p_value"": 1.0, ""contingency"": [[0, 1], [196, 10440]]}]",{}
97,NC_000962.3,BDQ-13-2024.11,1.1,GARC1,RUS,BDQ,Rv0678@212_del_c,U,{},"[{""proportion"": 0.0, ""confidence"": [0.0, 0.6576197724933469], ""p_value"": 1.0, ""contingency"": [[0, 2], [196, 10440]]}]",{}
100,NC_000962.3,BDQ-13-2024.11,1.1,GARC1,RUS,BDQ,Rv0678@V85A,U,{},"[{""proportion"": 0.0, ""confidence"": [0.0, 0.7934506856227626], ""p_value"": 1.0, ""contingency"": [[0, 1], [196, 10440]]}]",{}
101,NC_000962.3,BDQ-13-2024.11,1.1,GARC1,RUS,BDQ,pepQ@G85C,U,{},"[{""proportion"": 0.0, ""confidence"": [0.0, 0.7934506856227626], ""p_value"": 1.0, ""contingency"": [[0, 1], [196, 10440]]}]",{}
103,NC_000962.3,BDQ-13-2024.11,1.1,GARC1,RUS,BDQ,pepQ@K94N,U,{},"[{""proportion"": 0.0, ""confidence"": [0.0, 0.7934506856227626], ""p_value"": 1.0, ""contingency"": [[0, 1], [196, 10440]]}]",{}
104,NC_000962.3,BDQ-13-2024.11,1.1,GARC1,RUS,BDQ,Rv0678@345_del_g,U,{},"[{""proportion"": 0.0, ""confidence"": [0.0, 0.7934506856227626], ""p_value"": 1.0, ""contingency"": [[0, 1], [196, 10440]]}]",{}
105,NC_000962.3,BDQ-13-2024.11,1.1,GARC1,RUS,BDQ,pepQ@S66L,U,{},"[{""proportion"": 0.0, ""confidence"": [0.0, 0.7934506856227626], ""p_value"": 1.0, ""contingency"": [[0, 1], [196, 10440]]}]",{}
106,NC_000962.3,BDQ-13-2024.11,1.1,GARC1,RUS,BDQ,Rv0678@L125M,U,{},"[{""proportion"": 0.0, ""confidence"": [0.0, 0.7934506856227626], ""p_value"": 1.0, ""contingency"": [[0, 1], [196, 10440]]}]",{}
107,NC_000962.3,BDQ-13-2024.11,1.1,GARC1,RUS,BDQ,Rv0678@142_ins_t,U,{},"[{""proportion"": 0.0, ""confidence"": [0.0, 0.7934506856227626], ""p_value"": 1.0, ""contingency"": [[0, 1], [196, 10440]]}]",{}
108,NC_000962.3,BDQ-13-2024.11,1.1,GARC1,RUS,BDQ,Rv0678@G24S,U,{},"[{""proportion"": 0.0, ""confidence"": [0.0, 0.7934506856227626], ""p_value"": 1.0, ""contingency"": [[0, 1], [196, 10440]]}]",{}
109,NC_000962.3,BDQ-13-2024.11,1.1,GARC1,RUS,BDQ,pepQ@V238M,U,{},"[{""proportion"": 0.0, ""confidence"": [0.0, 0.7934506856227626], ""p_value"": 1.0, ""contingency"": [[0, 1], [196, 10440]]}]",{}
110,NC_000962.3,BDQ-13-2024.11,1.1,GARC1,RUS,BDQ,pepQ@A42G,U,{},"[{""proportion"": 0.0, ""confidence"": [0.0, 0.7934506856227626], ""p_value"": 1.0, ""contingency"": [[0, 1], [196, 10440]]}]",{}
112,NC_000962.3,BDQ-13-2024.11,1.1,GARC1,RUS,BDQ,Rv0678@E104G,U,{},"[{""proportion"": 0.0, ""confidence"": [0.0, 0.7934506856227626], ""p_value"": 1.0, ""contingency"": [[0, 1], [196, 10440]]}]",{}
113,NC_000962.3,BDQ-13-2024.11,1.1,GARC1,RUS,BDQ,Rv0678@-19_ins_cagagta,U,{},"[{""proportion"": 0.0, ""confidence"": [0.0, 0.7934506856227626], ""p_value"": 1.0, ""contingency"": [[0, 1], [196, 10440]]}]",{}
114,NC_000962.3,BDQ-13-2024.11,1.1,GARC1,RUS,BDQ,pepQ@D108N,U,{},"[{""proportion"": 0.0, ""confidence"": [0.0, 0.7934506856227626], ""p_value"": 1.0, ""contingency"": [[0, 1], [196, 10440]]}]",{}
115,NC_000962.3,BDQ-13-2024.11,1.1,GARC1,RUS,BDQ,pepQ@T354A,U,{},"[{""proportion"": 0.0, ""confidence"": [0.0, 0.7934506856227626], ""p_value"": 1.0, ""contingency"": [[0, 1], [196, 10440]]}]",{}
116,NC_000962.3,BDQ-13-2024.11,1.1,GARC1,RUS,BDQ,Rv0678@I108V,U,{},"[{""proportion"": 0.0, ""confidence"": [0.0, 0.6576197724933469], ""p_value"": 1.0, ""contingency"": [[0, 2], [196, 10440]]}]",{}
118,NC_000962.3,BDQ-13-2024.11,1.1,GARC1,RUS,BDQ,pepQ@A153G,U,{},"[{""proportion"": 0.0, ""confidence"": [0.0, 0.6576197724933469], ""p_value"": 1.0, ""contingency"": [[0, 2], [196, 10440]]}]",{}
119,NC_000962.3,BDQ-13-2024.11,1.1,GARC1,RUS,BDQ,Rv0678@D5G,U,{},"[{""proportion"": 0.0, ""confidence"": [0.0, 0.7934506856227626], ""p_value"": 1.0, ""contingency"": [[0, 1], [196, 10440]]}]",{}
120,NC_000962.3,BDQ-13-2024.11,1.1,GARC1,RUS,BDQ,Rv0678@-21_ins_ttc,U,{},"[{""proportion"": 0.0, ""confidence"": [0.0, 0.7934506856227626], ""p_value"": 1.0, ""contingency"": [[0, 1], [196, 10440]]}]",{}
121,NC_000962.3,BDQ-13-2024.11,1.1,GARC1,RUS,BDQ,Rv0678@234_ins_t,U,{},"[{""proportion"": 0.0, ""confidence"": [0.0, 0.6576197724933469], ""p_value"": 1.0, ""contingency"": [[0, 2], [196, 10440]]}]",{}
122,NC_000962.3,BDQ-13-2024.11,1.1,GARC1,RUS,BDQ,Rv0678@N70K,U,{},"[{""proportion"": 0.0, ""confidence"": [0.0, 0.7934506856227626], ""p_value"": 1.0, ""contingency"": [[0, 1], [196, 10440]]}]",{}
123,NC_000962.3,BDQ-13-2024.11,1.1,GARC1,RUS,BDQ,Rv0678@L32S,U,{},"[{""proportion"": 0.5, ""confidence"": [0.09453120573423071, 0.9054687942657693], ""p_value"": 0.19000000000000003, ""contingency"": [[1, 1], [196, 10440]]}]",{}
124,NC_000962.3,BDQ-13-2024.11,1.1,GARC1,RUS,BDQ,Rv0678@c-3a,U,{},"[{""proportion"": 0.0, ""confidence"": [0.0, 0.7934506856227626], ""p_value"": 1.0, ""contingency"": [[0, 1], [196, 10440]]}]",{}
125,NC_000962.3,BDQ-13-2024.11,1.1,GARC1,RUS,BDQ,Rv0678@g-29a,U,{},"[{""proportion"": 0.0, ""confidence"": [0.0, 0.7934506856227626], ""p_value"": 1.0, ""contingency"": [[0, 1], [196, 10440]]}]",{}
126,NC_000962.3,BDQ-13-2024.11,1.1,GARC1,RUS,BDQ,Rv0678@F27S,U,{},"[{""proportion"": 0.0, ""confidence"": [0.0, 0.6576197724933469], ""p_value"": 1.0, ""contingency"": [[0, 2], [196, 10440]]}]",{}
127,NC_000962.3,BDQ-13-2024.11,1.1,GARC1,RUS,BDQ,pepQ@A313S,U,{},"[{""proportion"": 0.0, ""confidence"": [0.0, 0.7934506856227626], ""p_value"": 1.0, ""contingency"": [[0, 1], [196, 10440]]}]",{}
128,NC_000962.3,BDQ-13-2024.11,1.1,GARC1,RUS,BDQ,pepQ@G228E,U,{},"[{""proportion"": 0.0, ""confidence"": [0.0, 0.7934506856227626], ""p_value"": 1.0, ""contingency"": [[0, 1], [196, 10440]]}]",{}
129,NC_000962.3,BDQ-13-2024.11,1.1,GARC1,RUS,BDQ,pepQ@V324M,U,{},"[{""proportion"": 0.0, ""confidence"": [0.0, 0.7934506856227626], ""p_value"": 1.0, ""contingency"": [[0, 1], [196, 10440]]}]",{}
130,NC_000962.3,BDQ-13-2024.11,1.1,GARC1,RUS,BDQ,atpE@V39I,U,{},"[{""proportion"": 0.0, ""confidence"": [0.0, 0.7934506856227626], ""p_value"": 1.0, ""contingency"": [[0, 1], [196, 10440]]}]",{}
131,NC_000962.3,BDQ-13-2024.11,1.1,GARC1,RUS,BDQ,pepQ@A137S,U,{},"[{""proportion"": 0.0, ""confidence"": [0.0, 0.7934506856227626], ""p_value"": 1.0, ""contingency"": [[0, 1], [196, 10440]]}]",{}
132,NC_000962.3,BDQ-13-2024.11,1.1,GARC1,RUS,BDQ,pepQ@413_del_g,U,{},"[{""proportion"": 0.0, ""confidence"": [0.0, 0.7934506856227626], ""p_value"": 1.0, ""contingency"": [[0, 1], [196, 10440]]}]",{}
133,NC_000962.3,BDQ-13-2024.11,1.1,GARC1,RUS,BDQ,Rv0678@G25C,U,{},"[{""proportion"": 0.0, ""confidence"": [0.0, 0.7934506856227626], ""p_value"": 1.0, ""contingency"": [[0, 1], [196, 10440]]}]",{}
134,NC_000962.3,BDQ-13-2024.11,1.1,GARC1,RUS,BDQ,Rv0678@M10I,U,{},"[{""proportion"": 0.0, ""confidence"": [0.0, 0.7934506856227626], ""p_value"": 1.0, ""contingency"": [[0, 1], [196, 10440]]}]",{}
135,NC_000962.3,BDQ-13-2024.11,1.1,GARC1,RUS,BDQ,pepQ@D20G,U,{},"[{""proportion"": 0.0, ""confidence"": [0.0, 0.6576197724933469], ""p_value"": 1.0, ""contingency"": [[0, 2], [196, 10440]]}]",{}
136,NC_000962.3,BDQ-13-2024.11,1.1,GARC1,RUS,BDQ,Rv0678@A59V,U,{},"[{""proportion"": 0.0, ""confidence"": [0.0, 0.7934506856227626], ""p_value"": 1.0, ""contingency"": [[0, 1], [196, 10440]]}]",{}
139,NC_000962.3,BDQ-13-2024.11,1.1,GARC1,RUS,BDQ,Rv0678@325_ins_g,U,{},"[{""proportion"": 1.0, ""confidence"": [0.20654931437723742, 1.0], ""p_value"": 0.1, ""contingency"": [[1, 0], [196, 10440]]}]",{}
140,NC_000962.3,BDQ-13-2024.11,1.1,GARC1,RUS,BDQ,Rv0678@R107C,U,{},"[{""proportion"": 0.5, ""confidence"": [0.09453120573423071, 0.9054687942657693], ""p_value"": 0.19000000000000003, ""contingency"": [[1, 1], [196, 10440]]}]",{}
142,NC_000962.3,BDQ-13-2024.11,1.1,GARC1,RUS,BDQ,Rv0678@G87R,U,{},"[{""proportion"": 0.0, ""confidence"": [0.0, 0.7934506856227626], ""p_value"": 1.0, ""contingency"": [[0, 1], [196, 10440]]}]",{}
145,NC_000962.3,BDQ-13-2024.11,1.1,GARC1,RUS,BDQ,pepQ@H100R,U,{},"[{""proportion"": 0.0, ""confidence"": [0.0, 0.7934506856227626], ""p_value"": 1.0, ""contingency"": [[0, 1], [196, 10440]]}]",{}
146,NC_000962.3,BDQ-13-2024.11,1.1,GARC1,RUS,BDQ,Rv0678@Q22R,U,{},"[{""proportion"": 0.0, ""confidence"": [0.0, 0.7934506856227626], ""p_value"": 1.0, ""contingency"": [[0, 1], [196, 10440]]}]",{}
148,NC_000962.3,BDQ-13-2024.11,1.1,GARC1,RUS,BDQ,Rv0678@T58P,U,{},"[{""proportion"": 0.0, ""confidence"": [0.0, 0.7934506856227626], ""p_value"": 1.0, ""contingency"": [[0, 1], [196, 10440]]}]",{}
150,NC_000962.3,BDQ-13-2024.11,1.1,GARC1,RUS,BDQ,Rv0678@L83P,U,{},"[{""proportion"": 0.5, ""confidence"": [0.09453120573423071, 0.9054687942657693], ""p_value"": 0.19000000000000003, ""contingency"": [[1, 1], [196, 10440]]}]",{}
151,NC_000962.3,BDQ-13-2024.11,1.1,GARC1,RUS,BDQ,Rv0678@13_del_gacggggtcga,U,{},"[{""proportion"": 0.0, ""confidence"": [0.0, 0.7934506856227626], ""p_value"": 1.0, ""contingency"": [[0, 1], [196, 10440]]}]",{}
153,NC_000962.3,BDQ-13-2024.11,1.1,GARC1,RUS,BDQ,Rv0678@L74M,U,{},"[{""proportion"": 0.0, ""confidence"": [0.0, 0.7934506856227626], ""p_value"": 1.0, ""contingency"": [[0, 1], [196, 10440]]}]",{}
155,NC_000962.3,BDQ-13-2024.11,1.1,GARC1,RUS,BDQ,Rv0678@490_ins_ac,U,{},"[{""proportion"": 0.0, ""confidence"": [0.0, 0.7934506856227626], ""p_value"": 1.0, ""contingency"": [[0, 1], [196, 10440]]}]",{}
156,NC_000962.3,BDQ-13-2024.11,1.1,GARC1,RUS,BDQ,Rv0678@C46G,U,{},"[{""proportion"": 0.0, ""confidence"": [0.0, 0.7934506856227626], ""p_value"": 1.0, ""contingency"": [[0, 1], [196, 10440]]}]",{}
157,NC_000962.3,BDQ-13-2024.11,1.1,GARC1,RUS,BDQ,Rv0678@R96L,U,{},"[{""proportion"": 0.5, ""confidence"": [0.09453120573423071, 0.9054687942657693], ""p_value"": 0.19000000000000003, ""contingency"": [[1, 1], [196, 10440]]}]",{}
163,NC_000962.3,BDQ-13-2024.11,1.1,GARC1,RUS,BDQ,Rv0678@A99P,U,{},"[{""proportion"": 1.0, ""confidence"": [0.20654931437723742, 1.0], ""p_value"": 0.1, ""contingency"": [[1, 0], [196, 10440]]}]",{}
165,NC_000962.3,BDQ-13-2024.11,1.1,GARC1,RUS,BDQ,pepQ@I24T,U,{},"[{""proportion"": 0.0, ""confidence"": [0.0, 0.7934506856227626], ""p_value"": 1.0, ""contingency"": [[0, 1], [196, 10440]]}]",{}
166,NC_000962.3,BDQ-13-2024.11,1.1,GARC1,RUS,BDQ,Rv0678@492_ins_g,U,{},"[{""proportion"": 0.0, ""confidence"": [0.0, 0.7934506856227626], ""p_value"": 1.0, ""contingency"": [[0, 1], [196, 10440]]}]",{}
167,NC_000962.3,BDQ-13-2024.11,1.1,GARC1,RUS,BDQ,atpE@A45V,U,{},"[{""proportion"": 0.0, ""confidence"": [0.0, 0.7934506856227626], ""p_value"": 1.0, ""contingency"": [[0, 1], [196, 10440]]}]",{}
168,NC_000962.3,BDQ-13-2024.11,1.1,GARC1,RUS,BDQ,pepQ@N118D,U,{},"[{""proportion"": 0.0, ""confidence"": [0.0, 0.7934506856227626], ""p_value"": 1.0, ""contingency"": [[0, 1], [196, 10440]]}]",{}
169,NC_000962.3,BDQ-13-2024.11,1.1,GARC1,RUS,BDQ,Rv0678@D15A,U,{},"[{""proportion"": 0.0, ""confidence"": [0.0, 0.7934506856227626], ""p_value"": 1.0, ""contingency"": [[0, 1], [196, 10440]]}]",{}
170,NC_000962.3,BDQ-13-2024.11,1.1,GARC1,RUS,BDQ,pepQ@A370V,U,{},"[{""proportion"": 0.0, ""confidence"": [0.0, 0.6576197724933469], ""p_value"": 1.0, ""contingency"": [[0, 2], [196, 10440]]}]",{}
171,NC_000962.3,BDQ-13-2024.11,1.1,GARC1,RUS,BDQ,Rv0678@I80M,U,{},"[{""proportion"": 0.0, ""confidence"": [0.0, 0.7934506856227626], ""p_value"": 1.0, ""contingency"": [[0, 1], [196, 10440]]}]",{}
172,NC_000962.3,BDQ-13-2024.11,1.1,GARC1,RUS,BDQ,Rv0678@G66R,U,{},"[{""proportion"": 0.0, ""confidence"": [0.0, 0.6576197724933469], ""p_value"": 1.0, ""contingency"": [[0, 2], [196, 10440]]}]",{}
173,NC_000962.3,BDQ-13-2024.11,1.1,GARC1,RUS,BDQ,pepQ@S99R,U,{},"[{""proportion"": 0.0, ""confidence"": [0.0, 0.6576197724933469], ""p_value"": 1.0, ""contingency"": [[0, 2], [196, 10440]]}]",{}
174,NC_000962.3,BDQ-13-2024.11,1.1,GARC1,RUS,BDQ,Rv0678@R156!,U,{},"[{""proportion"": 0.5, ""confidence"": [0.09453120573423071, 0.9054687942657693], ""p_value"": 0.19000000000000003, ""contingency"": [[1, 1], [196, 10440]]}]",{}
175,NC_000962.3,BDQ-13-2024.11,1.1,GARC1,RUS,BDQ,pepQ@G91D,U,{},"[{""proportion"": 0.0, ""confidence"": [0.0, 0.7934506856227626], ""p_value"": 1.0, ""contingency"": [[0, 1], [196, 10440]]}]",{}
176,NC_000962.3,BDQ-13-2024.11,1.1,GARC1,RUS,BDQ,pepQ@T234S,U,{},"[{""proportion"": 0.0, ""confidence"": [0.0, 0.7934506856227626], ""p_value"": 1.0, ""contingency"": [[0, 1], [196, 10440]]}]",{}
177,NC_000962.3,BDQ-13-2024.11,1.1,GARC1,RUS,BDQ,atpE@F74L,U,{},"[{""proportion"": 0.0, ""confidence"": [0.0, 0.7934506856227626], ""p_value"": 1.0, ""contingency"": [[0, 1], [196, 10440]]}]",{}
178,NC_000962.3,BDQ-13-2024.11,1.1,GARC1,RUS,BDQ,pepQ@L71V,U,{},"[{""proportion"": 0.0, ""confidence"": [0.0, 0.7934506856227626], ""p_value"": 1.0, ""contingency"": [[0, 1], [196, 10440]]}]",{}
179,NC_000962.3,BDQ-13-2024.11,1.1,GARC1,RUS,BDQ,Rv0678@394_del_cgaa,U,{},"[{""proportion"": 0.0, ""confidence"": [0.0, 0.7934506856227626], ""p_value"": 1.0, ""contingency"": [[0, 1], [196, 10440]]}]",{}
180,NC_000962.3,BDQ-13-2024.11,1.1,GARC1,RUS,BDQ,Rv0678@del_1.0,U,{},"[{""proportion"": 1.0, ""confidence"": [0.20654931437723742, 1.0], ""p_value"": 0.1, ""contingency"": [[1, 0], [196, 10440]]}]",{}
183,NC_000962.3,BDQ-13-2024.11,1.1,GARC1,RUS,BDQ,atpE@-44_ins_c,U,{},"[{""proportion"": 0.0, ""confidence"": [0.0, 0.7934506856227626], ""p_value"": 1.0, ""contingency"": [[0, 1], [196, 10440]]}]",{}
189,NC_000962.3,BDQ-13-2024.11,1.1,GARC1,RUS,BDQ,Rv0678@150_del_gca,U,{},"[{""proportion"": 1.0, ""confidence"": [0.20654931437723742, 1.0], ""p_value"": 0.1, ""contingency"": [[1, 0], [196, 10440]]}]",{}
190,NC_000962.3,BDQ-13-2024.11,1.1,GARC1,RUS,BDQ,Rv0678@125_del_g,U,{},"[{""proportion"": 1.0, ""confidence"": [0.20654931437723742, 1.0], ""p_value"": 0.1, ""contingency"": [[1, 0], [196, 10440]]}]",{}
191,NC_000962.3,BDQ-13-2024.11,1.1,GARC1,RUS,BDQ,Rv0678@242_ins_gc,U,{},"[{""proportion"": 1.0, ""confidence"": [0.20654931437723742, 1.0], ""p_value"": 0.1, ""contingency"": [[1, 0], [196, 10440]]}]",{}
192,NC_000962.3,BDQ-13-2024.11,1.1,GARC1,RUS,BDQ,Rv0678@Y92C,U,{},"[{""proportion"": 1.0, ""confidence"": [0.20654931437723742, 1.0], ""p_value"": 0.1, ""contingency"": [[1, 0], [196, 10440]]}]",{}
193,NC_000962.3,BDQ-13-2024.11,1.1,GARC1,RUS,BDQ,Rv0678@281_del_g,U,{},"[{""proportion"": 1.0, ""confidence"": [0.20654931437723742, 1.0], ""p_value"": 0.1, ""contingency"": [[1, 0], [196, 10440]]}]",{}
196,NC_000962.3,BDQ-13-2024.11,1.1,GARC1,RUS,BDQ,Rv0678@466_ins_g,U,{},"[{""proportion"": 1.0, ""confidence"": [0.20654931437723742, 1.0], ""p_value"": 0.1, ""contingency"": [[1, 0], [196, 10440]]}]",{}
198,NC_000962.3,BDQ-13-2024.11,1.1,GARC1,RUS,BDQ,Rv0678@61_ins_aaca,U,{},"[{""proportion"": 1.0, ""confidence"": [0.20654931437723742, 1.0], ""p_value"": 0.1, ""contingency"": [[1, 0], [196, 10440]]}]",{}
201,NC_000962.3,BDQ-13-2024.11,1.1,GARC1,RUS,BDQ,Rv0678@133_del_gt,U,{},"[{""proportion"": 1.0, ""confidence"": [0.20654931437723742, 1.0], ""p_value"": 0.1, ""contingency"": [[1, 0], [196, 10440]]}]",{}
202,NC_000962.3,BDQ-13-2024.11,1.1,GARC1,RUS,BDQ,Rv0678@S53L,U,{},"[{""proportion"": 1.0, ""confidence"": [0.20654931437723742, 1.0], ""p_value"": 0.1, ""contingency"": [[1, 0], [196, 10440]]}]",{}
204,NC_000962.3,BDQ-13-2024.11,1.1,GARC1,RUS,BDQ,pepQ@151_ins_cg,U,{},"[{""proportion"": 1.0, ""confidence"": [0.20654931437723742, 1.0], ""p_value"": 0.1, ""contingency"": [[1, 0], [196, 10440]]}]",{}
205,NC_000962.3,BDQ-13-2024.11,1.1,GARC1,RUS,BDQ,Rv0678@136_ins_gtga,U,{},"[{""proportion"": 1.0, ""confidence"": [0.20654931437723742, 1.0], ""p_value"": 0.1, ""contingency"": [[1, 0], [196, 10440]]}]",{}
206,NC_000962.3,BDQ-13-2024.11,1.1,GARC1,RUS,BDQ,atpE@A63P,U,{},"[{""proportion"": 1.0, ""confidence"": [0.20654931437723742, 1.0], ""p_value"": 0.1, ""contingency"": [[1, 0], [196, 10440]]}]",{}
207,NC_000962.3,BDQ-13-2024.11,1.1,GARC1,RUS,BDQ,Rv0678@Y26H,U,{},"[{""proportion"": 1.0, ""confidence"": [0.20654931437723742, 1.0], ""p_value"": 0.1, ""contingency"": [[1, 0], [196, 10440]]}]",{}
208,NC_000962.3,BDQ-13-2024.11,1.1,GARC1,RUS,BDQ,Rv0678@D47G,U,{},"[{""proportion"": 1.0, ""confidence"": [0.20654931437723742, 1.0], ""p_value"": 0.1, ""contingency"": [[1, 0], [196, 10440]]}]",{}
209,NC_000962.3,BDQ-13-2024.11,1.1,GARC1,RUS,BDQ,Rv0678@L60Q,U,{},"[{""proportion"": 1.0, ""confidence"": [0.20654931437723742, 1.0], ""p_value"": 0.1, ""contingency"": [[1, 0], [196, 10440]]}]",{}
211,NC_000962.3,BDQ-13-2024.11,1.1,GARC1,RUS,BDQ,Rv0678@57_ins_gtcgaacaga,U,{},"[{""proportion"": 1.0, ""confidence"": [0.20654931437723742, 1.0], ""p_value"": 0.1, ""contingency"": [[1, 0], [196, 10440]]}]",{}
212,NC_000962.3,BDQ-13-2024.11,1.1,GARC1,RUS,BDQ,Rv0678@128_del_tgctggtgtgt,U,{},"[{""proportion"": 1.0, ""confidence"": [0.20654931437723742, 1.0], ""p_value"": 0.1, ""contingency"": [[1, 0], [196, 10440]]}]",{}
214,NC_000962.3,BDQ-13-2024.11,1.1,GARC1,RUS,BDQ,Rv0678@Q76K,U,{},"[{""proportion"": 1.0, ""confidence"": [0.20654931437723742, 1.0], ""p_value"": 0.1, ""contingency"": [[1, 0], [196, 10440]]}]",{}
215,NC_000962.3,BDQ-13-2024.11,1.1,GARC1,RUS,BDQ,Rv0678@S53!,U,{},"[{""proportion"": 1.0, ""confidence"": [0.20654931437723742, 1.0], ""p_value"": 0.1, ""contingency"": [[1, 0], [196, 10440]]}]",{}
217,NC_000962.3,BDQ-13-2024.11,1.1,GARC1,RUS,BDQ,Rv0678@Y157!,U,{},"[{""proportion"": 1.0, ""confidence"": [0.20654931437723742, 1.0], ""p_value"": 0.1, ""contingency"": [[1, 0], [196, 10440]]}]",{}
218,NC_000962.3,BDQ-13-2024.11,1.1,GARC1,RUS,BDQ,Rv0678@F100I,U,{},"[{""proportion"": 1.0, ""confidence"": [0.20654931437723742, 1.0], ""p_value"": 0.1, ""contingency"": [[1, 0], [196, 10440]]}]",{}
219,NC_000962.3,BDQ-13-2024.11,1.1,GARC1,RUS,BDQ,Rv0678@W42!,U,{},"[{""proportion"": 1.0, ""confidence"": [0.20654931437723742, 1.0], ""p_value"": 0.1, ""contingency"": [[1, 0], [196, 10440]]}]",{}
222,NC_000962.3,BDQ-13-2024.11,1.1,GARC1,RUS,BDQ,Rv0678@L95S,U,{},"[{""proportion"": 1.0, ""confidence"": [0.20654931437723742, 1.0], ""p_value"": 0.1, ""contingency"": [[1, 0], [196, 10440]]}]",{}
223,NC_000962.3,BDQ-13-2024.11,1.1,GARC1,RUS,BDQ,Rv0678@R50P,U,{},"[{""proportion"": 1.0, ""confidence"": [0.20654931437723742, 1.0], ""p_value"": 0.1, ""contingency"": [[1, 0], [196, 10440]]}]",{}
224,NC_000962.3,BDQ-13-2024.11,1.1,GARC1,RUS,BDQ,Rv0678@t-8c,U,{},"[{""proportion"": 1.0, ""confidence"": [0.20654931437723742, 1.0], ""p_value"": 0.1, ""contingency"": [[1, 0], [196, 10440]]}]",{}
225,NC_000962.3,BDQ-13-2024.11,1.1,GARC1,RUS,BDQ,pepQ@300_ins_a,U,{},"[{""proportion"": 1.0, ""confidence"": [0.20654931437723742, 1.0], ""p_value"": 0.1, ""contingency"": [[1, 0], [196, 10440]]}]",{}
227,NC_000962.3,BDQ-13-2024.11,1.1,GARC1,RUS,BDQ,Rv0678@R105S,U,{},"[{""proportion"": 1.0, ""confidence"": [0.20654931437723742, 1.0], ""p_value"": 0.1, ""contingency"": [[1, 0], [196, 10440]]}]",{}
229,NC_000962.3,BDQ-13-2024.11,1.1,GARC1,RUS,BDQ,Rv0678@I16S,U,{},"[{""proportion"": 1.0, ""confidence"": [0.20654931437723742, 1.0], ""p_value"": 0.1, ""contingency"": [[1, 0], [196, 10440]]}]",{}
231,NC_000962.3,BDQ-13-2024.11,1.1,GARC1,RUS,BDQ,Rv0678@132_del_gg,U,{},"[{""proportion"": 1.0, ""confidence"": [0.20654931437723742, 1.0], ""p_value"": 0.1, ""contingency"": [[1, 0], [196, 10440]]}]",{}
233,NC_000962.3,BDQ-13-2024.11,1.1,GARC1,RUS,BDQ,Rv0678@426_ins_t,U,{},"[{""proportion"": 1.0, ""confidence"": [0.20654931437723742, 1.0], ""p_value"": 0.1, ""contingency"": [[1, 0], [196, 10440]]}]",{}
234,NC_000962.3,BDQ-13-2024.11,1.1,GARC1,RUS,BDQ,pepQ@928_ins_g,U,{},"[{""proportion"": 0.0, ""confidence"": [0.0, 0.7934506856227626], ""p_value"": 1.0, ""contingency"": [[0, 1], [196, 10440]]}]",{}
235,NC_000962.3,BDQ-13-2024.11,1.1,GARC1,RUS,BDQ,Rv0678@E113!,U,{},"[{""proportion"": 1.0, ""confidence"": [0.20654931437723742, 1.0], ""p_value"": 0.1, ""contingency"": [[1, 0], [196, 10440]]}]",{}
236,NC_000962.3,BDQ-13-2024.11,1.1,GARC1,RUS,BDQ,Rv0678@419_del_g,U,{},"[{""proportion"": 1.0, ""confidence"": [0.20654931437723742, 1.0], ""p_value"": 0.1, ""contingency"": [[1, 0], [196, 10440]]}]",{}
240,NC_000962.3,BDQ-13-2024.11,1.1,GARC1,RUS,BDQ,Rv0678@382_del_gccccgccgca,U,{},"[{""proportion"": 1.0, ""confidence"": [0.20654931437723742, 1.0], ""p_value"": 0.1, ""contingency"": [[1, 0], [196, 10440]]}]",{}
241,NC_000962.3,BDQ-13-2024.11,1.1,GARC1,RUS,BDQ,Rv0678@347_ins_c,U,{},"[{""proportion"": 1.0, ""confidence"": [0.20654931437723742, 1.0], ""p_value"": 0.1, ""contingency"": [[1, 0], [196, 10440]]}]",{}
242,NC_000962.3,BDQ-13-2024.11,1.1,GARC1,RUS,BDQ,Rv0678@R34Q,U,{},"[{""proportion"": 1.0, ""confidence"": [0.20654931437723742, 1.0], ""p_value"": 0.1, ""contingency"": [[1, 0], [196, 10440]]}]",{}
243,NC_000962.3,BDQ-13-2024.11,1.1,GARC1,RUS,BDQ,Rv0678@381_ins_g,U,{},"[{""proportion"": 1.0, ""confidence"": [0.20654931437723742, 1.0], ""p_value"": 0.1, ""contingency"": [[1, 0], [196, 10440]]}]",{}
244,NC_000962.3,BDQ-13-2024.11,1.1,GARC1,RUS,BDQ,Rv0678@138_ins_gatc,U,{},"[{""proportion"": 1.0, ""confidence"": [0.20654931437723742, 1.0], ""p_value"": 0.1, ""contingency"": [[1, 0], [196, 10440]]}]",{}
245,NC_000962.3,BDQ-13-2024.11,1.1,GARC1,RUS,BDQ,Rv0678@S63R,U,{},"[{""proportion"": 1.0, ""confidence"": [0.20654931437723742, 1.0], ""p_value"": 0.1, ""contingency"": [[1, 0], [196, 10440]]}]",{}
246,NC_000962.3,BDQ-13-2024.11,1.1,GARC1,RUS,BDQ,Rv0678@G24R,U,{},"[{""proportion"": 1.0, ""confidence"": [0.20654931437723742, 1.0], ""p_value"": 0.1, ""contingency"": [[1, 0], [196, 10440]]}]",{}
248,NC_000962.3,BDQ-13-2024.11,1.1,GARC1,RUS,BDQ,Rv0678@A102P,U,{},"[{""proportion"": 1.0, ""confidence"": [0.20654931437723742, 1.0], ""p_value"": 0.1, ""contingency"": [[1, 0], [196, 10440]]}]",{}
249,NC_000962.3,BDQ-13-2024.11,1.1,GARC1,RUS,BDQ,Rv0678@429_ins_gc,U,{},"[{""proportion"": 1.0, ""confidence"": [0.20654931437723742, 1.0], ""p_value"": 0.1, ""contingency"": [[1, 0], [196, 10440]]}]",{}
250,NC_000962.3,BDQ-13-2024.11,1.1,GARC1,RUS,BDQ,pepQ@1021_del_acattggtagtggc,U,{},"[{""proportion"": 1.0, ""confidence"": [0.20654931437723742, 1.0], ""p_value"": 0.1, ""contingency"": [[1, 0], [196, 10440]]}]",{}
251,NC_000962.3,BDQ-13-2024.11,1.1,GARC1,RUS,BDQ,Rv0678@415_del_atgcgggat,U,{},"[{""proportion"": 1.0, ""confidence"": [0.20654931437723742, 1.0], ""p_value"": 0.1, ""contingency"": [[1, 0], [196, 10440]]}]",{}
253,NC_000962.3,BDQ-13-2024.11,1.1,GARC1,RUS,BDQ,Rv0678@273_ins_a,U,{},"[{""proportion"": 1.0, ""confidence"": [0.20654931437723742, 1.0], ""p_value"": 0.1, ""contingency"": [[1, 0], [196, 10440]]}]",{}
254,NC_000962.3,BDQ-13-2024.11,1.1,GARC1,RUS,BDQ,Rv0678@S64I,U,{},"[{""proportion"": 1.0, ""confidence"": [0.20654931437723742, 1.0], ""p_value"": 0.1, ""contingency"": [[1, 0], [196, 10440]]}]",{}
256,NC_000962.3,BDQ-13-2024.11,1.1,GARC1,RUS,BDQ,Rv0678@Q76!,U,{},"[{""proportion"": 1.0, ""confidence"": [0.20654931437723742, 1.0], ""p_value"": 0.1, ""contingency"": [[1, 0], [196, 10440]]}]",{}
258,NC_000962.3,BDQ-13-2024.11,1.1,GARC1,RUS,BDQ,Rv0678@394_ins_ga,U,{},"[{""proportion"": 1.0, ""confidence"": [0.20654931437723742, 1.0], ""p_value"": 0.1, ""contingency"": [[1, 0], [196, 10440]]}]",{}
259,NC_000962.3,BDQ-13-2024.11,1.1,GARC1,RUS,BDQ,Rv0678@437_del_t,U,{},"[{""proportion"": 1.0, ""confidence"": [0.20654931437723742, 1.0], ""p_value"": 0.1, ""contingency"": [[1, 0], [196, 10440]]}]",{}
260,NC_000962.3,BDQ-13-2024.11,1.1,GARC1,RUS,BDQ,Rv0678@R135W,U,{},"[{""proportion"": 1.0, ""confidence"": [0.20654931437723742, 1.0], ""p_value"": 0.1, ""contingency"": [[1, 0], [196, 10440]]}]",{}
261,NC_000962.3,BDQ-13-2024.11,1.1,GARC1,RUS,BDQ,Rv0678@S52F,U,{},"[{""proportion"": 1.0, ""confidence"": [0.20654931437723742, 1.0], ""p_value"": 0.1, ""contingency"": [[1, 0], [196, 10440]]}]",{}
262,NC_000962.3,BDQ-13-2024.11,1.1,GARC1,RUS,BDQ,Rv0678@R107L,U,{},"[{""proportion"": 1.0, ""confidence"": [0.20654931437723742, 1.0], ""p_value"": 0.1, ""contingency"": [[1, 0], [196, 10440]]}]",{}
263,NC_000962.3,BDQ-13-2024.11,1.1,GARC1,RUS,BDQ,pepQ@V298I,U,{},"[{""proportion"": 0.0, ""confidence"": [0.0, 0.7934506856227626], ""p_value"": 1.0, ""contingency"": [[0, 1], [196, 10440]]}]",{}
264,NC_000962.3,BDQ-13-2024.11,1.1,GARC1,RUS,BDQ,Rv0678@67_ins_t,U,{},"[{""proportion"": 1.0, ""confidence"": [0.20654931437723742, 1.0], ""p_value"": 0.1, ""contingency"": [[1, 0], [196, 10440]]}]",{}
265,NC_000962.3,BDQ-13-2024.11,1.1,GARC1,RUS,BDQ,pepQ@D26A,U,{},"[{""proportion"": 0.0, ""confidence"": [0.0, 0.6576197724933469], ""p_value"": 1.0, ""contingency"": [[0, 2], [196, 10440]]}]",{}
266,NC_000962.3,BDQ-13-2024.11,1.1,GARC1,RUS,BDQ,pepQ@S66P,U,{},"[{""proportion"": 0.0, ""confidence"": [0.0, 0.7934506856227626], ""p_value"": 1.0, ""contingency"": [[0, 1], [196, 10440]]}]",{}
267,NC_000962.3,BDQ-13-2024.11,1.1,GARC1,RUS,BDQ,pepQ@V102I,U,{},"[{""proportion"": 0.0, ""confidence"": [0.0, 0.7934506856227626], ""p_value"": 1.0, ""contingency"": [[0, 1], [196, 10440]]}]",{}
268,NC_000962.3,BDQ-13-2024.11,1.1,GARC1,RUS,BDQ,Rv0678@232_ins_ggt,U,{},"[{""proportion"": 1.0, ""confidence"": [0.20654931437723742, 1.0], ""p_value"": 0.1, ""contingency"": [[1, 0], [196, 10440]]}]",{}
269,NC_000962.3,BDQ-13-2024.11,1.1,GARC1,RUS,BDQ,Rv0678@138_indel,U,{},"[{""proportion"": 1.0, ""confidence"": [0.20654931437723742, 1.0], ""p_value"": 0.1, ""contingency"": [[1, 0], [196, 10440]]}]",{}
270,NC_000962.3,BDQ-13-2024.11,1.1,GARC1,RUS,BDQ,pepQ@230_ins_g,U,{},"[{""proportion"": 1.0, ""confidence"": [0.20654931437723742, 1.0], ""p_value"": 0.1, ""contingency"": [[1, 0], [196, 10440]]}]",{}
271,NC_000962.3,BDQ-13-2024.11,1.1,GARC1,RUS,BDQ,Rv0678@372_del_g,U,{},"[{""proportion"": 0.0, ""confidence"": [0.0, 0.7934506856227626], ""p_value"": 1.0, ""contingency"": [[0, 1], [196, 10440]]}]",{}
272,NC_000962.3,BDQ-13-2024.11,1.1,GARC1,RUS,BDQ,Rv0678@138_ins_ga,U,{},"[{""proportion"": 1.0, ""confidence"": [0.20654931437723742, 1.0], ""p_value"": 0.1, ""contingency"": [[1, 0], [196, 10440]]}]",{}
273,NC_000962.3,BDQ-13-2024.11,1.1,GARC1,RUS,BDQ,Rv0678@167_del_tggcgacggcgctggcggccagcagcggggggatcagcaccaatgcccggatgctgatccaatttgggttcattgagcggctcgcggtcgccggggatcggcgcacctattt,U,{},"[{""proportion"": 1.0, ""confidence"": [0.20654931437723742, 1.0], ""p_value"": 0.1, ""contingency"": [[1, 0], [196, 10440]]}]",{}
274,NC_000962.3,BDQ-13-2024.11,1.1,GARC1,RUS,BDQ,Rv0678@334_ins_c,U,{},"[{""proportion"": 1.0, ""confidence"": [0.20654931437723742, 1.0], ""p_value"": 0.1, ""contingency"": [[1, 0], [196, 10440]]}]",{}
275,NC_000962.3,BDQ-13-2024.11,1.1,GARC1,RUS,BDQ,Rv0678@R38L,U,{},"[{""proportion"": 1.0, ""confidence"": [0.20654931437723742, 1.0], ""p_value"": 0.1, ""contingency"": [[1, 0], [196, 10440]]}]",{}
277,NC_000962.3,BDQ-13-2024.11,1.1,GARC1,RUS,BDQ,Rv0678@-*_indel,U,{},"{""default_rule"": ""True""}",{}
279,NC_000962.3,BDQ-13-2024.11,1.1,GARC1,RUS,BDQ,Rv0678@-*?,U,{},"{""default_rule"": ""True""}",{}
280,NC_000962.3,BDQ-13-2024.11,1.1,GARC1,RUS,BDQ,Rv0678@*?,U,{},"{""default_rule"": ""True""}",{}
281,NC_000962.3,BDQ-13-2024.11,1.1,GARC1,RUS,BDQ,Rv0678@del_0.0,U,{},"{""default_rule"": ""True""}",{}
283,NC_000962.3,BDQ-13-2024.11,1.1,GARC1,RUS,BDQ,pepQ@-*_indel,U,{},"{""default_rule"": ""True""}",{}
284,NC_000962.3,BDQ-13-2024.11,1.1,GARC1,RUS,BDQ,pepQ@*_indel,U,{},"{""default_rule"": ""True""}",{}
285,NC_000962.3,BDQ-13-2024.11,1.1,GARC1,RUS,BDQ,pepQ@-*?,U,{},"{""default_rule"": ""True""}",{}
286,NC_000962.3,BDQ-13-2024.11,1.1,GARC1,RUS,BDQ,pepQ@*?,U,{},"{""default_rule"": ""True""}",{}
287,NC_000962.3,BDQ-13-2024.11,1.1,GARC1,RUS,BDQ,pepQ@del_0.0,U,{},"{""default_rule"": ""True""}",{}
289,NC_000962.3,BDQ-13-2024.11,1.1,GARC1,RUS,BDQ,mmpS5@-*_indel,U,{},"{""default_rule"": ""True""}",{}
290,NC_000962.3,BDQ-13-2024.11,1.1,GARC1,RUS,BDQ,mmpS5@*_indel,U,{},"{""default_rule"": ""True""}",{}
291,NC_000962.3,BDQ-13-2024.11,1.1,GARC1,RUS,BDQ,mmpS5@-*?,U,{},"{""default_rule"": ""True""}",{}
292,NC_000962.3,BDQ-13-2024.11,1.1,GARC1,RUS,BDQ,mmpS5@*?,U,{},"{""default_rule"": ""True""}",{}
293,NC_000962.3,BDQ-13-2024.11,1.1,GARC1,RUS,BDQ,mmpS5@del_0.0,U,{},"{""default_rule"": ""True""}",{}
295,NC_000962.3,BDQ-13-2024.11,1.1,GARC1,RUS,BDQ,mmpL5@-*_indel,U,{},"{""default_rule"": ""True""}",{}
296,NC_000962.3,BDQ-13-2024.11,1.1,GARC1,RUS,BDQ,mmpL5@*_indel,U,{},"{""default_rule"": ""True""}",{}
297,NC_000962.3,BDQ-13-2024.11,1.1,GARC1,RUS,BDQ,mmpL5@-*?,U,{},"{""default_rule"": ""True""}",{}
298,NC_000962.3,BDQ-13-2024.11,1.1,GARC1,RUS,BDQ,mmpL5@*?,U,{},"{""default_rule"": ""True""}",{}
299,NC_000962.3,BDQ-13-2024.11,1.1,GARC1,RUS,BDQ,mmpL5@del_0.0,U,{},"{""default_rule"": ""True""}",{}
301,NC_000962.3,BDQ-13-2024.11,1.1,GARC1,RUS,BDQ,atpE@-*_indel,U,{},"{""default_rule"": ""True""}",{}
302,NC_000962.3,BDQ-13-2024.11,1.1,GARC1,RUS,BDQ,atpE@*_indel,U,{},"{""default_rule"": ""True""}",{}
303,NC_000962.3,BDQ-13-2024.11,1.1,GARC1,RUS,BDQ,atpE@-*?,U,{},"{""default_rule"": ""True""}",{}
304,NC_000962.3,BDQ-13-2024.11,1.1,GARC1,RUS,BDQ,atpE@*?,U,{},"{""default_rule"": ""True""}",{}
305,NC_000962.3,BDQ-13-2024.11,1.1,GARC1,RUS,BDQ,atpE@del_0.0,U,{},"{""default_rule"": ""True""}",{}
